{"0.0034965034965034965": 0.2, "0.006993006993006993": 0.25, "0.013986013986013986": 0.2857142857142857, "0.017482517482517484": 0.29411764705882354}