{"0.0034965034965034965": 0.25, "0.006993006993006993": 0.3333333333333333, "0.013986013986013986": 0.4, "0.017482517482517484": 0.45454545454545453, "0.027972027972027972": 0.3076923076923077, "0.03496503496503497": 0.2777777777777778, "0.038461538461538464": 0.24444444444444444, "0.05244755244755245": 0.22727272727272727, "0.04895104895104895": 0.2222222222222222, "0.055944055944055944": 0.25, "0.06993006993006994": 0.20202020202020202, "0.024475524475524476": 0.4375, "0.03146853146853147": 0.2571428571428571, "0.06293706293706294": 0.19148936170212766, "0.07692307692307693": 0.18333333333333332, "0.06643356643356643": 0.2111111111111111, "0.08391608391608392": 0.20512820512820512, "0.11188811188811189": 0.22535211267605634, "0.01048951048951049": 0.375, "0.02097902097902098": 0.4, "0.04195804195804196": 0.23076923076923078, "0.05944055944055944": 0.18888888888888888, "0.07342657342657342": 0.17796610169491525, "0.0944055944055944": 0.1956521739130435, "0.1048951048951049": 0.18404907975460122}