{"0.0034965034965034965": 0.25, "0.006993006993006993": 0.4, "0.01048951048951049": 0.375, "0.013986013986013986": 0.4, "0.02097902097902098": 0.375, "0.027972027972027972": 0.3333333333333333, "0.04195804195804196": 0.35294117647058826, "0.04895104895104895": 0.35, "0.05944055944055944": 0.32075471698113206, "0.07342657342657342": 0.24705882352941178, "0.08741258741258741": 0.23148148148148148, "0.0944055944055944": 0.17763157894736842, "0.1048951048951049": 0.2912621359223301, "0.045454545454545456": 0.35135135135135137, "0.055944055944055944": 0.35555555555555557, "0.09090909090909091": 0.22807017543859648, "0.10139860139860139": 0.18125, "0.11188811188811189": 0.21476510067114093, "0.1258741258741259": 0.23376623376623376, "0.038461538461538464": 0.3055555555555556, "0.06643356643356643": 0.3064516129032258, "0.10839160839160839": 0.27927927927927926, "0.11538461538461539": 0.2088607594936709, "0.12237762237762238": 0.2845528455284553, "0.13286713286713286": 0.1735159817351598, "0.017482517482517484": 0.38461538461538464, "0.024475524475524476": 0.3181818181818182, "0.03496503496503497": 0.2777777777777778, "0.05244755244755245": 0.35714285714285715, "0.06293706293706294": 0.2857142857142857, "0.13636363636363635": 0.3023255813953488, "0.14685314685314685": 0.23728813559322035, "0.07692307692307693": 0.2682926829268293, "0.15384615384615385": 0.24444444444444444, "0.16433566433566432": 0.2186046511627907, "0.18181818181818182": 0.21311475409836064, "0.12937062937062938": 0.22699386503067484, "0.16083916083916083": 0.2222222222222222, "0.17132867132867133": 0.23333333333333334, "0.1853146853146853": 0.20866141732283464, "0.1993006993006993": 0.1986062717770035, "0.08041958041958042": 0.25274725274725274, "0.11888111888111888": 0.3148148148148148, "0.13986013986013987": 0.2597402597402597, "0.1958041958041958": 0.22950819672131148, "0.2097902097902098": 0.21505376344086022, "0.22377622377622378": 0.1636828644501279, "0.22727272727272727": 0.17195767195767195, "0.19230769230769232": 0.19784172661870503, "0.2062937062937063": 0.17933130699088146, "0.21328671328671328": 0.15803108808290156, "0.2202797202797203": 0.14285714285714285, "0.03146853146853147": 0.3333333333333333, "0.15034965034965034": 0.23756906077348067, "0.21678321678321677": 0.1834319526627219, "0.23426573426573427": 0.1364562118126273, "0.24125874125874125": 0.1419753086419753, "0.17832167832167833": 0.20647773279352227, "0.1888111888111888": 0.19148936170212766, "0.23776223776223776": 0.12363636363636364}