{"0.0034965034965034965": 0.25, "0.006993006993006993": 0.2857142857142857, "0.013986013986013986": 0.3076923076923077, "0.017482517482517484": 0.29411764705882354, "0.024475524475524476": 0.3181818181818182, "0.03146853146853147": 0.2903225806451613, "0.03496503496503497": 0.23255813953488372, "0.045454545454545456": 0.3611111111111111, "0.055944055944055944": 0.36363636363636365, "0.06643356643356643": 0.3333333333333333, "0.08391608391608392": 0.27586206896551724, "0.11188811188811189": 0.2909090909090909, "0.13286713286713286": 0.26573426573426573, "0.13636363636363635": 0.3023255813953488, "0.16433566433566432": 0.27167630057803466, "0.1853146853146853": 0.27040816326530615, "0.2097902097902098": 0.22388059701492538, "0.22727272727272727": 0.20634920634920634, "0.24475524475524477": 0.1891891891891892, "0.24825174825174826": 0.21646341463414634, "0.25874125874125875": 0.15481171548117154, "0.2762237762237762": 0.20308483290488433, "0.27972027972027974": 0.18306636155606407, "0.28321678321678323": 0.11554921540656206, "0.04895104895104895": 0.2916666666666667, "0.05944055944055944": 0.2786885245901639, "0.07342657342657342": 0.2692307692307692, "0.09090909090909091": 0.24299065420560748, "0.1258741258741259": 0.3, "0.14685314685314685": 0.23333333333333334, "0.15734265734265734": 0.2459016393442623, "0.2062937062937063": 0.25, "0.23426573426573427": 0.22185430463576158, "0.26573426573426573": 0.19638242894056848, "0.2692307692307692": 0.171875, "0.3006993006993007": 0.1524822695035461, "0.3076923076923077": 0.19599109131403117, "0.3146853146853147": 0.20044543429844097, "0.3181818181818182": 0.18997912317327767, "0.06993006993006994": 0.2898550724637681, "0.08741258741258741": 0.2777777777777778, "0.19230769230769232": 0.21153846153846154, "0.21328671328671328": 0.26180257510729615, "0.24125874125874125": 0.19602272727272727, "0.25524475524475526": 0.20110192837465565, "0.2727272727272727": 0.2136986301369863, "0.2972027972027972": 0.15178571428571427, "0.32517482517482516": 0.1725417439703154, "0.3356643356643357": 0.17647058823529413, "0.33916083916083917": 0.16638078902229847, "0.3706293706293706": 0.09769585253456221, "0.16083916083916083": 0.2911392405063291, "0.17482517482517482": 0.23148148148148148, "0.23776223776223776": 0.2125, "0.2902097902097902": 0.20698254364089774, "0.34615384615384615": 0.15022761760242792, "0.3741258741258741": 0.14577656675749318, "0.3811188811188811": 0.16366366366366367, "0.3986013986013986": 0.14357682619647355, "0.4020979020979021": 0.1334106728538283, "0.42657342657342656": 0.12951167728237792, "0.4370629370629371": 0.08579272477693892, "0.13986013986013987": 0.25316455696202533, "0.17832167832167833": 0.21610169491525424, "0.21678321678321677": 0.22794117647058823, "0.2517482517482518": 0.21686746987951808, "0.2867132867132867": 0.21866666666666668, "0.35664335664335667": 0.16037735849056603, "0.3776223776223776": 0.14654002713704206, "0.40559440559440557": 0.125, "0.4125874125874126": 0.11931243680485339, "0.43356643356643354": 0.11151079136690648, "0.4405594405594406": 0.09347181008902077, "0.46853146853146854": 0.10252486610558531, "0.479020979020979": 0.0945479641131815, "0.486013986013986": 0.0691542288557214, "0.17132867132867133": 0.24019607843137256, "0.2937062937062937": 0.2079207920792079, "0.34965034965034963": 0.1694915254237288, "0.36713286713286714": 0.14872521246458922, "0.3951048951048951": 0.1378048780487805, "0.4230769230769231": 0.12643678160919541, "0.43006993006993005": 0.11964980544747082, "0.45454545454545453": 0.11959521619135234, "0.46503496503496505": 0.10191570881226053, "0.493006993006993": 0.07675557974959173, "0.5034965034965035": 0.08430913348946135, "0.5104895104895105": 0.08508158508158509, "0.5209790209790209": 0.053655023406553835, "0.027972027972027972": 0.3076923076923077, "0.038461538461538464": 0.21153846153846154, "0.05244755244755245": 0.2112676056338028, "0.06293706293706294": 0.20689655172413793, "0.07692307692307693": 0.20952380952380953, "0.0944055944055944": 0.20149253731343283, "0.1888111888111888": 0.22040816326530613, "0.48951048951048953": 0.099644128113879, "0.5": 0.079312257348863, "0.527972027972028": 0.07099200752233192, "0.5384615384615384": 0.07501217730150998, "0.5454545454545454": 0.06527196652719665, "0.5594405594405595": 0.057245080500894455, "0.5769230769230769": 0.053020565552699225, "0.14335664335664336": 0.25308641975308643, "0.38461538461538464": 0.15341701534170155, "0.46153846153846156": 0.10972568578553615, "0.513986013986014": 0.07814992025518341, "0.5734265734265734": 0.05043050430504305, "0.5909090909090909": 0.05762018411183089, "0.6118881118881119": 0.041128084606345476, "0.6153846153846154": 0.037115141290594685, "0.1958041958041958": 0.19718309859154928, "0.32167832167832167": 0.18003913894324852, "0.34265734265734266": 0.15730337078651685, "0.3881118881118881": 0.14378238341968913, "0.5314685314685315": 0.06794814483683505, "0.5629370629370629": 0.06080060422960725, "0.6083916083916084": 0.04081632653061224, "0.6328671328671329": 0.037112979290547465, "0.6398601398601399": 0.0332244008714597, "0.6468531468531469": 0.030278232405891982, "0.4195804195804196": 0.12084592145015106, "0.44755244755244755": 0.10693400167084377, "0.5559440559440559": 0.06460788297440065, "0.6048951048951049": 0.04962707974756168, "0.6188811188811189": 0.043118148599269185, "0.6363636363636364": 0.037814253064616665, "0.6643356643356644": 0.034203420342034205, "0.6713286713286714": 0.030466518565534752, "0.6783216783216783": 0.02709875680961028, "0.6818181818181818": 0.02472736495054527}