{"0.0034965034965034965": 0.2, "0.006993006993006993": 0.25, "0.013986013986013986": 0.2857142857142857, "0.017482517482517484": 0.2777777777777778, "0.027972027972027972": 0.2857142857142857, "0.03496503496503497": 0.2127659574468085, "0.038461538461538464": 0.1896551724137931, "0.05244755244755245": 0.189873417721519, "0.06293706293706294": 0.1836734693877551, "0.07692307692307693": 0.20754716981132076, "0.0944055944055944": 0.2, "0.14685314685314685": 0.22702702702702704, "0.17832167832167833": 0.20901639344262296, "0.1958041958041958": 0.19047619047619047, "0.24125874125874125": 0.18598382749326145, "0.28321678321678323": 0.17456896551724138, "0.32867132867132864": 0.1634782608695652, "0.34965034965034963": 0.1422475106685633, "0.4020979020979021": 0.13157894736842105, "0.42657342657342656": 0.12937433722163308, "0.45454545454545453": 0.10124610591900311, "0.4965034965034965": 0.09385327164573695, "0.5174825174825175": 0.08, "0.5454545454545454": 0.06927175843694494, "0.5664335664335665": 0.07323688969258589, "0.6013986013986014": 0.05573558003888529, "0.6188811188811189": 0.0607621009268795, "0.6363636363636364": 0.04861111111111111, "0.6538461538461539": 0.04981353223228556, "0.6818181818181818": 0.030129789864029668, "0.6923076923076923": 0.04265402843601896, "0.6993006993006993": 0.023394549070066675, "0.7027972027972028": 0.020640788662969808, "0.7377622377622378": 0.027162718846549947, "0.08041958041958042": 0.18253968253968253, "0.0979020979020979": 0.17177914110429449, "0.15034965034965034": 0.225130890052356, "0.18181818181818182": 0.20553359683794467, "0.20279720279720279": 0.18831168831168832, "0.24825174825174826": 0.18393782383419688, "0.2902097902097902": 0.16869918699186992, "0.3356643356643357": 0.15609756097560976, "0.3706293706293706": 0.13910761154855644, "0.45104895104895104": 0.11834862385321102, "0.479020979020979": 0.09785714285714285, "0.5209790209790209": 0.08975903614457831, "0.541958041958042": 0.08654383026242322, "0.5769230769230769": 0.06578947368421052, "0.6608391608391608": 0.04121238552115133, "0.6853146853146853": 0.04399551066217733, "0.7062937062937062": 0.030792682926829268, "0.7482517482517482": 0.023620309050772628, "0.7552447552447552": 0.0204855842185129, "0.7622377622377622": 0.02866912151499211, "0.7972027972027972": 0.015677645602695457, "0.8111888111888111": 0.01441799763843142, "0.15384615384615385": 0.2, "0.1853146853146853": 0.18661971830985916, "0.2097902097902098": 0.16574585635359115, "0.25524475524475526": 0.16367713004484305, "0.2972027972027972": 0.15097690941385436, "0.34265734265734266": 0.1406025824964132, "0.3881118881118881": 0.1373762376237624, "0.44405594405594406": 0.12662013958125623, "0.47202797202797203": 0.11038430089942763, "0.5": 0.09507978723404255, "0.6048951048951049": 0.06306963179001093, "0.6328671328671329": 0.05309474919331182, "0.6713286713286714": 0.04599904168663153, "0.7097902097902098": 0.03925739702185264, "0.7342657342657343": 0.036344755970924195, "0.8076923076923077": 0.025655264326965792, "0.8251748251748252": 0.022272555681389205, "0.8321678321678322": 0.024293150964580994, "0.8391608391608392": 0.023369036027263874, "0.8741258741258742": 0.014262893655864901, "0.8881118881118881": 0.012409008744931359, "0.916083916083916": 0.01214593667423856, "0.3951048951048951": 0.12929061784897025, "0.4825174825174825": 0.1038374717832957, "0.5104895104895105": 0.08929663608562691, "0.5559440559440559": 0.08403805496828752, "0.5804195804195804": 0.07063829787234042, "0.6468531468531469": 0.05114735969035112, "0.7272727272727273": 0.03749098774333093, "0.7587412587412588": 0.031725146198830406, "0.7867132867132867": 0.027305825242718445, "0.8531468531468531": 0.02110909248204862, "0.8636363636363636": 0.01819521178637201, "0.8846153846153846": 0.015838237135344935, "0.9300699300699301": 0.013745349317899959, "0.9440559440559441": 0.011726893676164004, "0.972027972027972": 0.011124004641671001, "0.9755244755244755": 0.010917628644100959, "0.5594405594405595": 0.08200922603792926, "0.583916083916084": 0.06880922950144211, "0.6258741258741258": 0.059428950863213814, "0.7657342657342657": 0.03061652453516007, "0.7937062937062938": 0.02630359212050985, "0.8601398601398601": 0.02031379025598679, "0.8706293706293706": 0.017493325839539133, "0.8916083916083916": 0.015168639581226578, "0.951048951048951": 0.013337910067179914, "0.965034965034965": 0.011319361850469589, "0.993006993006993": 0.010549777117384845, "0.9965034965034965": 0.01024958642019708, "1.0": 0.010194624652455977}