{"0.0034965034965034965": 0.2, "0.006993006993006993": 0.25, "0.013986013986013986": 0.2857142857142857, "0.017482517482517484": 0.2777777777777778, "0.027972027972027972": 0.2857142857142857, "0.03496503496503497": 0.20833333333333334, "0.038461538461538464": 0.1864406779661017, "0.05244755244755245": 0.18518518518518517, "0.06293706293706294": 0.1782178217821782, "0.08041958041958042": 0.16428571428571428, "0.0979020979020979": 0.15384615384615385, "0.15384615384615385": 0.18410041841004185, "0.1853146853146853": 0.17491749174917492, "0.2097902097902098": 0.15748031496062992, "0.25524475524475526": 0.15598290598290598, "0.2972027972027972": 0.14480408858603067, "0.34265734265734266": 0.1349862258953168, "0.3951048951048951": 0.12458654906284454, "0.45104895104895104": 0.11426040744021258, "0.4825174825174825": 0.10021786492374728, "0.5104895104895105": 0.08598351001177856, "0.5594405594405595": 0.07909045971329709, "0.583916083916084": 0.06648089171974522, "0.6258741258741258": 0.05757478288838855, "0.6538461538461539": 0.04834539813857291, "0.6923076923076923": 0.041448607912916054, "0.7342657342657343": 0.03531192197746763, "0.7657342657342657": 0.029743311150346327, "0.7937062937062938": 0.025542927872172837, "0.8391608391608392": 0.022697181766597314, "0.8601398601398601": 0.0197574492008674, "0.8706293706293706": 0.017019822282980178, "0.8916083916083916": 0.014761215629522432, "0.951048951048951": 0.01297524209321185, "0.965034965034965": 0.011003468484631025, "0.993006993006993": 0.010178117048346057, "0.9965034965034965": 0.009789104897987223, "1.0": 0.009660204012700128}